Feature,Importance
age,0.30674081913126794
products_number,0.22782731971639372
balance,0.09328082550559073
credit_score,0.06864787430078012
estimated_salary,0.06697169631901369
customer_id,0.06509385329498846
active_member,0.06150025829365424
country_Germany,0.039368492748549866
tenure,0.03706861236752397
gender,0.0170612531978606
credit_card,0.008994804645001332
country_Spain,0.007444190479375281
